{"cameraMode":{"drawMode":0,"name":"Shaded","section":"Shading Mode"},"sceneLighting":false,"audioPlay":false,"sceneViewState":{"showFog":true,"showMaterialUpdate":false,"showSkybox":true,"showFlares":true,"showImageEffects":true,"showParticleSystems":true},"in2DMode":false,"pivot":{"x":-2.262887477874756,"y":1.0801633596420289,"z":-0.7797269821166992},"rotation":{"x":-0.0050254641100764278,"y":0.9918358325958252,"z":-0.12049854546785355,"w":-0.04131115972995758},"size":1.287747859954834,"orthographic":false}